date,Epilepsy,Seizures,Spasms,Convulsions,Paroxysm,Tremor,Contortion
2016-01-01,36,84,,58,0,35,34
2016-01-02,42,71,,26,0,42,59
2016-01-03,35,60,,50,24,36,87
2016-01-04,71,75,,43,0,46,0
2016-01-05,86,88,,64,40,81,25
2016-01-06,84,85,,65,20,51,100
2016-01-07,100,90,,42,20,55,49
2016-01-08,84,75,,0,0,46,0
2016-01-09,38,80,,25,0,53,29
2016-01-10,70,74,,46,22,33,0
2016-01-11,63,92,,41,20,59,24
2016-01-12,52,82,,21,20,59,0
2016-01-13,62,59,,64,20,30,0
2016-01-14,80,85,,0,19,43,0
2016-01-15,87,69,,0,20,62,25
2016-01-16,70,83,,25,0,84,29
2016-01-17,54,80,,49,69,40,28
2016-01-18,58,96,,44,21,47,77
2016-01-19,73,91,,0,20,50,24
2016-01-20,91,78,,21,0,60,73
2016-01-21,82,84,,0,40,50,48
2016-01-22,59,70,,85,20,66,25
2016-01-23,81,83,,0,46,46,28
2016-01-24,58,74,,74,0,100,29
2016-01-25,49,94,,42,39,79,24
2016-01-26,43,64,,21,39,69,0
2016-01-27,87,80,,63,0,45,48
2016-01-28,65,98,,0,100,55,0
2016-01-29,51,100,,22,61,41,0
2016-01-30,81,95,,26,48,42,0
2016-01-31,55,88,,100,0,47,0
2016-02-01,100,74,,24,0,72,66
2016-02-02,79,61,,24,20,51,33
2016-02-03,77,86,,48,0,77,100
2016-02-04,73,73,,49,20,68,0
2016-02-05,67,86,,25,21,69,0
2016-02-06,57,79,,59,50,69,41
2016-02-07,53,61,,29,24,92,40
2016-02-08,75,60,,47,79,55,0
2016-02-09,74,79,,95,100,46,33
2016-02-10,62,53,,48,20,56,0
2016-02-11,76,83,,25,62,63,0
2016-02-12,51,52,,25,0,86,0
2016-02-13,50,83,,58,0,62,0
2016-02-14,47,55,,29,0,62,40
2016-02-15,90,60,,25,42,81,70
2016-02-16,66,92,,0,0,71,0
2016-02-17,82,79,,24,21,36,67
2016-02-18,72,73,,72,61,46,100
2016-02-19,77,79,,0,21,59,35
2016-02-20,68,78,,88,49,62,0
2016-02-21,64,71,,29,0,56,0
2016-02-22,63,94,,0,41,51,0
2016-02-23,97,79,,24,20,71,33
2016-02-24,69,79,,47,0,66,33
2016-02-25,47,100,,49,20,47,0
2016-02-26,67,85,,100,0,43,34
2016-02-27,37,49,,0,0,56,0
2016-02-28,53,87,,29,24,86,40
2016-02-29,63,98,,94,79,100,32
2016-03-01,46,75,,16,24,59,24
2016-03-02,67,74,,32,72,58,0
2016-03-03,55,86,,51,76,71,25
2016-03-04,55,80,,34,26,67,0
2016-03-05,49,82,,40,30,85,29
2016-03-06,43,86,,40,0,73,0
2016-03-07,74,81,,33,25,56,0
2016-03-08,81,88,,50,0,60,24
2016-03-09,88,87,,33,100,91,97
2016-03-10,100,88,,67,0,51,0
2016-03-11,78,69,,18,26,37,25
2016-03-12,51,72,,80,0,36,0
2016-03-13,35,56,,40,30,78,29
2016-03-14,84,83,,17,0,56,0
2016-03-15,72,93,,33,0,45,0
2016-03-16,55,98,,51,25,56,49
2016-03-17,80,84,,68,51,67,0
2016-03-18,55,84,,71,0,59,0
2016-03-19,66,65,,20,30,74,59
2016-03-20,49,80,,0,30,86,0
2016-03-21,72,70,,100,25,55,24
2016-03-22,66,82,,34,0,36,0
2016-03-23,74,83,,17,51,36,0
2016-03-24,76,95,,35,26,26,0
2016-03-25,72,73,,56,0,34,27
2016-03-26,83,89,,62,0,68,60
2016-03-27,52,58,,21,0,52,0
2016-03-28,98,71,,52,0,100,0
2016-03-29,76,88,,68,51,72,49
2016-03-30,74,100,,17,0,57,100
2016-03-31,63,94,,17,52,83,0
2016-04-01,49,73,,14,0,72,34
2016-04-02,42,66,,16,0,32,0
2016-04-03,32,71,,16,30,38,0
2016-04-04,51,61,,40,25,53,0
2016-04-05,45,62,,14,25,53,33
2016-04-06,47,60,,27,50,85,66
2016-04-07,54,70,,95,25,63,33
2016-04-08,48,88,,28,26,50,0
2016-04-09,32,76,,0,0,70,0
2016-04-10,28,69,,32,88,50,78
2016-04-11,51,93,,13,49,63,0
2016-04-12,38,62,,0,25,73,97
2016-04-13,49,66,,41,0,92,100
2016-04-14,55,66,,14,50,38,33
2016-04-15,57,75,,100,0,50,35
2016-04-16,24,73,,51,0,100,0
2016-04-17,31,63,,17,31,79,41
2016-04-18,50,100,,41,100,75,66
2016-04-19,44,76,,68,50,74,66
2016-04-20,56,62,,27,25,53,99
2016-04-21,84,77,,93,73,89,65
2016-04-22,100,61,,96,0,38,33
2016-04-23,51,60,,34,0,33,0
2016-04-24,49,66,,17,0,39,0
2016-04-25,47,61,,13,49,37,0
2016-04-26,38,55,,27,49,84,0
2016-04-27,58,87,,40,0,68,65
2016-04-28,59,55,,0,75,42,0
2016-04-29,55,62,,28,26,33,0
2016-04-30,27,40,,17,61,84,40
2016-05-01,45,68,,43,29,64,0
2016-05-02,79,69,,0,0,63,63
2016-05-03,88,66,,0,48,73,63
2016-05-04,100,72,,70,24,47,31
2016-05-05,56,60,,0,25,49,32
2016-05-06,60,90,,19,0,41,100
2016-05-07,50,78,,0,0,48,0
2016-05-08,56,88,,0,91,48,40
2016-05-09,68,66,,37,49,44,0
2016-05-10,51,67,,55,24,39,0
2016-05-11,61,78,,0,50,69,65
2016-05-12,62,71,,19,50,71,33
2016-05-13,99,91,,39,0,47,68
2016-05-14,55,78,,70,0,50,0
2016-05-15,51,67,,23,0,67,0
2016-05-16,80,81,,55,25,59,97
2016-05-17,76,61,,72,24,58,0
2016-05-18,65,100,,36,24,54,0
2016-05-19,74,75,,19,0,50,0
2016-05-20,51,49,,39,52,47,68
2016-05-21,76,83,,92,31,68,0
2016-05-22,60,74,,45,0,43,0
2016-05-23,78,66,,0,74,60,0
2016-05-24,81,67,,19,100,85,65
2016-05-25,80,78,,57,25,46,33
2016-05-26,61,69,,0,26,36,0
2016-05-27,61,61,,100,54,54,35
2016-05-28,37,96,,23,63,31,0
2016-05-29,57,73,,48,0,45,0
2016-05-30,40,62,,44,0,53,38
2016-05-31,59,67,,19,0,100,0
2016-06-01,65,41,0.0,20,25,74,0
2016-06-02,62,73,0.0,20,100,58,24
2016-06-03,58,53,0.0,62,0,38,98
2016-06-04,67,58,100.0,24,0,50,28
2016-06-05,51,68,0.0,0,0,44,0
2016-06-06,61,74,0.0,20,25,63,0
2016-06-07,59,79,0.0,100,0,63,0
2016-06-08,32,60,0.0,20,25,31,0
2016-06-09,100,54,0.0,42,0,76,25
2016-06-10,68,71,0.0,64,53,100,0
2016-06-11,51,64,0.0,0,0,88,29
2016-06-12,74,49,0.0,24,60,63,29
2016-06-13,74,86,0.0,82,51,48,0
2016-06-14,87,100,0.0,61,0,21,48
2016-06-15,52,66,0.0,0,25,59,0
2016-06-16,78,71,0.0,21,0,49,49
2016-06-17,81,87,0.0,21,0,44,25
2016-06-18,33,64,0.0,25,0,45,29
2016-06-19,60,55,0.0,0,0,59,0
2016-06-20,52,72,0.0,61,0,69,0
2016-06-21,71,60,0.0,0,0,86,0
2016-06-22,77,81,0.0,62,51,70,25
2016-06-23,86,68,0.0,0,26,49,25
2016-06-24,65,55,0.0,42,52,38,0
2016-06-25,63,62,0.0,0,0,45,0
2016-06-26,90,56,0.0,25,0,52,30
2016-06-27,60,55,0.0,61,0,48,0
2016-06-28,63,66,0.0,20,0,16,0
2016-06-29,79,60,0.0,21,26,27,100
2016-06-30,60,81,0.0,21,27,79,51
2016-07-01,86,74,,52,0,36,32
2016-07-02,31,66,,20,0,25,0
2016-07-03,42,58,,0,35,26,39
2016-07-04,51,68,,0,0,46,75
2016-07-05,61,91,,18,60,45,100
2016-07-06,98,79,,0,57,36,32
2016-07-07,78,47,,51,28,50,64
2016-07-08,55,44,,17,29,32,0
2016-07-09,44,69,,40,66,29,0
2016-07-10,64,48,,0,33,17,0
2016-07-11,76,88,,17,29,32,0
2016-07-12,88,63,,17,0,36,64
2016-07-13,67,85,,0,0,18,0
2016-07-14,51,86,,17,0,45,62
2016-07-15,69,77,,89,30,30,33
2016-07-16,55,59,,40,0,29,75
2016-07-17,38,44,,41,0,38,38
2016-07-18,72,70,,17,29,50,0
2016-07-19,57,67,,17,0,35,0
2016-07-20,91,63,,0,29,47,0
2016-07-21,96,100,,34,0,32,32
2016-07-22,77,78,,70,0,26,33
2016-07-23,100,85,,39,33,45,37
2016-07-24,74,60,,100,100,21,37
2016-07-25,68,78,,84,0,35,0
2016-07-26,80,92,,34,0,32,0
2016-07-27,61,91,,34,0,100,64
2016-07-28,72,82,,0,0,46,0
2016-07-29,50,75,,17,57,47,32
2016-07-30,60,91,,20,33,25,37
2016-07-31,62,92,,0,0,32,0
2016-08-01,69,46,,12,30,92,26
2016-08-02,65,43,,36,0,47,0
2016-08-03,57,46,,36,0,52,54
2016-08-04,61,50,,37,32,39,55
2016-08-05,66,51,,51,0,45,0
2016-08-06,68,57,,15,0,57,33
2016-08-07,84,64,,0,38,70,66
2016-08-08,79,91,,12,32,39,0
2016-08-09,73,100,,24,32,63,0
2016-08-10,52,78,,0,0,29,56
2016-08-11,82,85,,13,0,40,0
2016-08-12,48,65,,39,100,20,0
2016-08-13,25,44,,0,0,17,65
2016-08-14,47,54,,29,0,46,0
2016-08-15,87,45,,100,65,50,28
2016-08-16,65,45,,25,0,35,0
2016-08-17,75,45,,25,0,45,28
2016-08-18,48,48,,39,67,46,0
2016-08-19,55,52,,0,0,73,30
2016-08-20,33,54,,45,39,30,0
2016-08-21,44,52,,44,38,59,100
2016-08-22,75,55,,38,0,75,57
2016-08-23,87,81,,25,0,45,28
2016-08-24,97,44,,49,0,63,28
2016-08-25,60,61,,23,30,46,52
2016-08-26,74,43,,48,31,61,0
2016-08-27,73,46,,28,0,100,32
2016-08-28,65,44,,0,0,38,31
2016-08-29,79,54,,0,0,32,26
2016-08-30,79,51,,34,30,77,51
2016-08-31,100,64,,23,60,50,0
2016-09-01,67,31,,41,0,48,43
2016-09-02,72,36,,21,42,46,22
2016-09-03,40,56,,96,0,100,0
2016-09-04,70,46,,50,25,31,0
2016-09-05,43,34,,91,23,41,24
2016-09-06,68,43,,100,40,29,21
2016-09-07,68,46,,40,79,50,42
2016-09-08,71,51,,20,40,65,0
2016-09-09,54,51,,62,0,22,0
2016-09-10,42,26,,47,24,17,100
2016-09-11,41,41,,46,23,42,24
2016-09-12,93,100,,39,39,28,42
2016-09-13,88,79,,39,0,67,42
2016-09-14,81,66,,20,20,25,64
2016-09-15,100,53,,40,40,44,86
2016-09-16,53,62,,61,0,59,44
2016-09-17,56,46,,47,0,38,0
2016-09-18,50,37,,67,22,16,24
2016-09-19,61,50,,58,58,56,41
2016-09-20,58,42,,40,0,39,42
2016-09-21,81,53,,59,20,43,0
2016-09-22,53,57,,61,0,59,43
2016-09-23,87,44,,20,20,18,43
2016-09-24,54,46,,49,0,57,26
2016-09-25,64,32,,47,0,38,50
2016-09-26,65,41,,39,39,42,0
2016-09-27,48,58,,39,0,32,42
2016-09-28,92,38,,60,100,36,64
2016-09-29,58,34,,20,20,46,0
2016-09-30,46,37,,82,21,48,44
2016-10-01,43,45,,24,0,48,0
2016-10-02,68,100,,24,0,54,79
2016-10-03,76,83,,20,32,63,34
2016-10-04,77,80,,39,63,61,99
2016-10-05,67,59,,20,0,40,68
2016-10-06,86,89,,40,65,57,34
2016-10-07,57,81,,42,67,59,35
2016-10-08,61,69,,0,39,76,82
2016-10-09,64,89,,48,78,89,41
2016-10-10,48,81,,21,67,54,35
2016-10-11,60,80,,41,33,65,35
2016-10-12,62,82,,62,33,35,69
2016-10-13,68,84,,21,100,24,35
2016-10-14,73,81,,43,34,55,72
2016-10-15,44,57,,0,80,28,0
2016-10-16,45,76,,48,0,48,81
2016-10-17,95,86,,61,33,63,34
2016-10-18,81,75,,40,65,46,34
2016-10-19,70,96,,21,66,64,34
2016-10-20,38,66,,20,65,17,0
2016-10-21,63,60,,42,0,100,70
2016-10-22,54,76,,25,0,93,0
2016-10-23,52,56,,49,0,28,0
2016-10-24,100,59,,20,64,73,100
2016-10-25,91,74,,100,96,51,0
2016-10-26,63,90,,40,0,57,0
2016-10-27,88,99,,20,32,51,34
2016-10-28,94,65,,42,0,60,36
2016-10-29,58,64,,0,78,28,41
2016-10-30,86,83,,24,0,40,79
2016-10-31,71,87,,20,32,86,68
2016-11-01,56,90,,22,79,66,0
2016-11-02,62,85,,0,100,57,0
2016-11-03,100,71,,41,25,41,0
2016-11-04,86,88,,22,0,66,66
2016-11-05,44,69,,52,31,71,26
2016-11-06,51,79,,51,61,76,0
2016-11-07,55,70,,84,50,77,42
2016-11-08,54,93,,20,24,55,41
2016-11-09,45,48,,68,20,51,0
2016-11-10,53,78,,43,51,59,21
2016-11-11,59,73,,67,27,50,45
2016-11-12,32,87,,26,31,64,0
2016-11-13,66,68,,25,0,68,100
2016-11-14,70,100,,63,0,68,0
2016-11-15,77,82,,62,0,62,21
2016-11-16,58,81,,21,25,58,21
2016-11-17,58,52,,21,25,100,0
2016-11-18,56,61,,22,0,49,22
2016-11-19,54,63,,26,61,89,0
2016-11-20,40,70,,100,89,37,0
2016-11-21,42,88,,0,25,74,21
2016-11-22,49,70,,0,26,48,64
2016-11-23,40,61,,70,0,46,0
2016-11-24,41,65,,51,60,13,50
2016-11-25,31,68,,23,0,35,0
2016-11-26,53,47,,24,29,54,73
2016-11-27,43,74,,72,0,53,72
2016-11-28,44,71,,38,46,38,19
2016-11-29,74,86,,39,23,77,0
2016-11-30,57,69,,40,24,59,60
2016-12-01,56,85,,81,28,71,0
2016-12-02,66,80,,50,0,46,41
2016-12-03,69,74,,19,0,80,48
2016-12-04,38,88,,36,31,55,45
2016-12-05,55,86,,44,100,40,73
2016-12-06,79,70,,31,26,68,39
2016-12-07,96,100,,49,0,49,81
2016-12-08,75,80,,48,55,66,40
2016-12-09,63,69,,34,0,84,0
2016-12-10,46,59,,20,0,65,0
2016-12-11,37,61,,19,0,68,48
2016-12-12,100,71,,16,0,60,39
2016-12-13,62,80,,48,27,70,0
2016-12-14,53,89,,0,28,36,0
2016-12-15,64,80,,16,28,59,41
2016-12-16,45,66,,34,59,28,0
2016-12-17,83,81,,20,0,39,100
2016-12-18,52,61,,100,0,33,50
2016-12-19,47,76,,0,29,70,42
2016-12-20,60,83,,17,60,34,44
2016-12-21,80,93,,0,31,45,0
2016-12-22,51,75,,0,0,66,0
2016-12-23,50,54,,38,32,52,47
2016-12-24,41,71,,42,36,46,52
2016-12-25,15,69,,22,38,55,0
2016-12-26,38,67,,0,0,38,0
2016-12-27,73,58,,36,30,39,44
2016-12-28,48,70,,55,31,100,0
2016-12-29,59,75,,18,0,49,0
2016-12-30,40,58,,36,0,60,0
2016-12-31,37,80,,38,0,42,0
2017-01-01,47,59,,0,0,39,30
2017-01-02,62,58,,0,28,34,0
2017-01-03,67,87,,31,26,50,25
2017-01-04,53,96,,46,0,50,100
2017-01-05,77,71,,15,0,70,25
2017-01-06,70,65,,62,0,51,76
2017-01-07,55,64,,17,60,47,29
2017-01-08,65,77,,17,60,57,57
2017-01-09,69,63,,15,25,58,24
2017-01-10,65,80,,15,0,67,0
2017-01-11,100,58,,0,26,71,48
2017-01-12,66,91,,75,52,54,0
2017-01-13,40,45,,45,0,91,74
2017-01-14,50,65,,0,30,37,58
2017-01-15,40,86,,34,29,20,0
2017-01-16,75,67,,31,27,46,25
2017-01-17,66,67,,0,0,57,48
2017-01-18,69,77,,15,51,57,24
2017-01-19,71,82,,29,75,57,71
2017-01-20,69,66,,59,25,62,48
2017-01-21,70,91,,0,0,57,28
2017-01-22,47,63,,17,29,60,0
2017-01-23,90,70,,28,73,88,23
2017-01-24,96,85,,57,0,43,47
2017-01-25,78,100,,58,25,66,0
2017-01-26,98,88,,58,100,100,0
2017-01-27,49,72,,15,78,68,25
2017-01-28,47,62,,18,30,47,0
2017-01-29,65,55,,17,0,31,57
2017-01-30,75,76,,56,0,51,23
2017-01-31,67,83,,100,25,77,70
2017-02-01,67,98,0.0,49,24,51,100
2017-02-02,91,69,0.0,100,25,47,25
2017-02-03,84,65,0.0,87,52,54,27
2017-02-04,74,70,0.0,20,0,77,62
2017-02-05,64,71,0.0,40,59,81,0
2017-02-06,82,67,0.0,16,49,51,0
2017-02-07,85,86,0.0,33,25,47,25
2017-02-08,87,96,0.0,68,0,69,51
2017-02-09,97,61,0.0,17,25,100,51
2017-02-10,71,69,100.0,17,26,66,53
2017-02-11,69,100,0.0,0,0,58,0
2017-02-12,80,90,0.0,41,0,64,0
2017-02-13,100,84,0.0,33,0,77,75
2017-02-14,61,68,0.0,34,100,58,77
2017-02-15,89,75,0.0,17,0,70,53
2017-02-16,94,66,0.0,34,100,63,51
2017-02-17,73,70,0.0,17,0,42,0
2017-02-18,55,83,0.0,20,0,50,0
2017-02-19,66,82,0.0,42,31,52,0
2017-02-20,51,67,0.0,35,26,50,0
2017-02-21,99,79,0.0,33,25,63,51
2017-02-22,69,64,0.0,34,50,37,51
2017-02-23,89,53,0.0,17,25,42,0
2017-02-24,65,63,0.0,52,77,81,26
2017-02-25,58,79,0.0,0,30,94,61
2017-02-26,50,63,0.0,39,0,61,60
2017-02-27,92,75,0.0,47,23,97,0
2017-02-28,90,83,0.0,16,0,60,0
2017-03-01,70,91,0.0,100,19,100,47
2017-03-02,50,67,0.0,85,0,83,0
2017-03-03,50,63,0.0,90,60,59,51
2017-03-04,28,57,0.0,21,0,52,30
2017-03-05,44,85,0.0,0,47,98,0
2017-03-06,55,84,0.0,17,76,97,0
2017-03-07,69,74,0.0,82,55,49,47
2017-03-08,37,68,0.0,18,20,58,100
2017-03-09,76,100,0.0,71,0,77,25
2017-03-10,63,63,0.0,72,20,54,0
2017-03-11,46,80,0.0,21,24,52,90
2017-03-12,39,78,0.0,40,0,75,56
2017-03-13,50,59,100.0,66,18,54,23
2017-03-14,44,75,0.0,36,40,63,0
2017-03-15,40,62,0.0,53,20,48,25
2017-03-16,41,72,0.0,36,40,19,50
2017-03-17,45,76,0.0,76,21,41,0
2017-03-18,66,68,0.0,22,24,41,0
2017-03-19,34,73,0.0,21,0,58,30
2017-03-20,67,68,0.0,70,0,34,25
2017-03-21,56,69,0.0,90,100,54,25
2017-03-22,52,78,0.0,36,40,78,25
2017-03-23,68,80,0.0,36,0,44,51
2017-03-24,55,77,0.0,55,0,70,0
2017-03-25,44,73,0.0,88,49,60,0
2017-03-26,100,58,0.0,22,0,94,61
2017-03-27,59,61,0.0,36,0,93,25
2017-03-28,66,76,0.0,53,40,92,25
2017-03-29,53,94,0.0,18,0,54,0
2017-03-30,43,78,0.0,36,0,25,0
2017-03-31,58,73,0.0,74,41,60,0
2017-04-01,58,69,,17,0,57,59
2017-04-02,74,69,,17,0,62,29
2017-04-03,83,79,,29,49,75,24
2017-04-04,73,74,,29,73,60,0
2017-04-05,66,80,,29,24,74,24
2017-04-06,82,79,,100,24,56,24
2017-04-07,66,74,,29,0,43,0
2017-04-08,77,61,,36,30,75,30
2017-04-09,69,81,,0,0,100,0
2017-04-10,86,82,,44,25,66,0
2017-04-11,70,100,,0,0,67,0
2017-04-12,71,92,,59,25,63,75
2017-04-13,80,98,,30,0,43,50
2017-04-14,72,81,,16,0,68,27
2017-04-15,63,82,,0,0,47,30
2017-04-16,77,53,,19,32,61,0
2017-04-17,62,71,,0,0,61,25
2017-04-18,100,89,,28,24,69,0
2017-04-19,68,76,,29,49,79,24
2017-04-20,91,69,,15,100,72,100
2017-04-21,69,86,,60,26,68,0
2017-04-22,40,67,,0,30,52,0
2017-04-23,58,59,,87,59,68,30
2017-04-24,77,78,,43,72,37,48
2017-04-25,97,71,,14,72,46,24
2017-04-26,74,80,,28,0,51,96
2017-04-27,90,80,,15,49,76,25
2017-04-28,79,77,,15,0,67,0
2017-04-29,89,82,,52,30,63,30
2017-04-30,60,75,,17,0,50,59
2017-05-01,74,66,,100,0,46,56
2017-05-02,59,98,,40,0,86,0
2017-05-03,73,83,,61,18,72,57
2017-05-04,83,80,,41,0,62,29
2017-05-05,62,77,,43,38,87,89
2017-05-06,83,67,,51,46,65,36
2017-05-07,51,61,,25,46,51,71
2017-05-08,62,84,,62,0,47,0
2017-05-09,74,79,,82,0,52,29
2017-05-10,80,67,,63,0,74,29
2017-05-11,67,68,,42,0,54,59
2017-05-12,57,86,,44,20,39,31
2017-05-13,53,67,,26,24,26,73
2017-05-14,39,66,,53,24,81,37
2017-05-15,85,88,,44,60,45,62
2017-05-16,88,68,,44,0,73,31
2017-05-17,68,100,,22,20,96,0
2017-05-18,77,85,,44,20,67,31
2017-05-19,57,69,,23,21,100,0
2017-05-20,33,69,,54,24,34,0
2017-05-21,45,60,,53,48,61,37
2017-05-22,52,77,,22,40,89,31
2017-05-23,77,82,,64,19,54,30
2017-05-24,100,73,,22,0,73,0
2017-05-25,96,85,,45,41,29,0
2017-05-26,54,67,,48,0,48,100
2017-05-27,69,65,,56,51,64,78
2017-05-28,57,79,,85,0,14,0
2017-05-29,30,63,,26,0,67,0
2017-05-30,90,76,,22,100,56,0
2017-05-31,58,68,,43,0,71,30
2017-06-01,63,56,,0,0,68,0
2017-06-02,72,96,,21,0,54,34
2017-06-03,66,61,,25,100,62,39
2017-06-04,74,69,,96,0,74,38
2017-06-05,100,91,,39,27,66,31
2017-06-06,97,75,,59,53,88,31
2017-06-07,70,74,,20,27,61,63
2017-06-08,71,98,,61,27,56,0
2017-06-09,56,82,,21,0,71,33
2017-06-10,79,54,,49,0,34,0
2017-06-11,81,88,,100,34,77,0
2017-06-12,76,98,,60,27,45,0
2017-06-13,93,73,,39,26,82,62
2017-06-14,61,70,,59,0,83,0
2017-06-15,74,70,,21,0,59,67
2017-06-16,88,66,,63,0,53,100
2017-06-17,59,77,,73,0,48,0
2017-06-18,58,84,,0,33,55,78
2017-06-19,68,80,,60,27,50,32
2017-06-20,73,86,,38,0,59,61
2017-06-21,60,100,,0,0,81,31
2017-06-22,76,89,,19,26,70,0
2017-06-23,70,80,,79,27,56,0
2017-06-24,43,57,,24,32,33,76
2017-06-25,74,71,,25,0,77,79
2017-06-26,91,81,,20,0,34,32
2017-06-27,83,58,,42,0,100,33
2017-06-28,85,72,,0,29,66,0
2017-06-29,69,49,,43,58,48,34
2017-06-30,64,90,,44,0,61,0
2017-07-01,67,68,,0,0,38,29
2017-07-02,62,66,,35,100,52,60
2017-07-03,77,53,,31,30,87,0
2017-07-04,39,56,,34,32,69,58
2017-07-05,72,45,,30,29,56,0
2017-07-06,96,61,,87,55,86,100
2017-07-07,90,49,,0,0,86,50
2017-07-08,54,76,,65,0,18,0
2017-07-09,59,59,,0,32,19,29
2017-07-10,94,82,,0,0,52,0
2017-07-11,76,77,,28,81,58,0
2017-07-12,88,87,,56,81,74,0
2017-07-13,87,64,,29,28,75,25
2017-07-14,66,80,,87,0,32,0
2017-07-15,66,61,,100,0,93,0
2017-07-16,73,68,,67,0,50,29
2017-07-17,82,68,,0,27,100,24
2017-07-18,72,100,,57,55,75,49
2017-07-19,92,67,,28,0,42,0
2017-07-20,100,63,,57,27,68,24
2017-07-21,85,68,,29,28,43,50
2017-07-22,64,66,,65,62,49,56
2017-07-23,69,67,,33,32,92,28
2017-07-24,79,57,,57,0,53,0
2017-07-25,56,89,,0,54,79,24
2017-07-26,88,91,,56,27,58,0
2017-07-27,76,91,,28,27,74,24
2017-07-28,72,68,,87,0,59,50
2017-07-29,68,73,,66,0,67,0
2017-07-30,49,73,,34,97,38,0
2017-07-31,74,74,,28,27,79,24
2017-08-01,82,73,,57,0,76,0
2017-08-02,95,64,,37,24,84,16
2017-08-03,91,81,,0,25,72,0
2017-08-04,87,81,,20,53,54,0
2017-08-05,59,74,,0,60,55,0
2017-08-06,57,100,,0,0,56,0
2017-08-07,59,72,,19,24,60,100
2017-08-08,86,81,,56,0,100,17
2017-08-09,90,83,,38,0,46,51
2017-08-10,98,92,,0,26,70,0
2017-08-11,70,56,,41,0,33,0
2017-08-12,56,84,,0,0,67,41
2017-08-13,69,47,,46,0,92,0
2017-08-14,89,63,,100,0,64,0
2017-08-15,100,90,,0,0,52,0
2017-08-16,70,56,,39,0,58,17
2017-08-17,93,69,,59,26,52,35
2017-08-18,71,51,,40,26,58,35
2017-08-19,91,61,,0,0,30,81
2017-08-20,78,65,,0,0,61,20
2017-08-21,62,76,,18,24,43,0
2017-08-22,72,99,,58,25,47,34
2017-08-23,69,55,,0,76,52,52
2017-08-24,79,94,,38,0,51,17
2017-08-25,76,47,,20,51,63,35
2017-08-26,51,74,,22,29,65,59
2017-08-27,59,66,,22,28,52,0
2017-08-28,94,85,,58,76,36,0
2017-08-29,100,100,,57,74,91,17
2017-08-30,82,80,,57,100,82,17
2017-08-31,60,67,,76,25,51,17
2017-09-01,48,59,,45,15,74,0
2017-09-02,43,61,,0,34,41,24
2017-09-03,25,42,,34,0,79,25
2017-09-04,100,78,,33,16,57,24
2017-09-05,66,58,,14,14,77,40
2017-09-06,57,48,,41,14,43,20
2017-09-07,64,55,,56,14,64,20
2017-09-08,42,56,,14,0,50,41
2017-09-09,35,46,,33,0,23,48
2017-09-10,26,56,,48,0,68,23
2017-09-11,44,53,,14,43,75,83
2017-09-12,55,62,,14,14,83,0
2017-09-13,54,73,,70,0,40,62
2017-09-14,56,65,,28,14,80,21
2017-09-15,48,65,,15,15,88,21
2017-09-16,29,73,,0,35,78,25
2017-09-17,29,55,,100,0,41,49
2017-09-18,67,50,,28,70,44,20
2017-09-19,62,73,,42,42,83,41
2017-09-20,54,72,,14,42,59,20
2017-09-21,62,64,,42,14,30,0
2017-09-22,51,100,,58,29,36,21
2017-09-23,57,80,,34,17,90,100
2017-09-24,43,48,,0,34,53,0
2017-09-25,50,59,,71,100,74,0
2017-09-26,61,86,,28,14,100,41
2017-09-27,57,76,,43,29,65,0
2017-09-28,56,64,,43,29,61,21
2017-09-29,68,52,,43,0,56,0
2017-09-30,51,57,,35,0,43,50
2017-10-01,68,61,,41,78,64,18
2017-10-02,59,55,,66,62,85,28
2017-10-03,91,61,,84,0,57,14
2017-10-04,73,62,,34,32,99,0
2017-10-05,90,63,,85,32,47,0
2017-10-06,92,63,,69,0,42,30
2017-10-07,64,69,,0,0,63,35
2017-10-08,70,66,,0,0,34,17
2017-10-09,79,70,,84,0,87,0
2017-10-10,81,65,,66,31,40,14
2017-10-11,74,53,,50,31,80,43
2017-10-12,72,59,,33,31,92,58
2017-10-13,75,68,,52,33,78,15
2017-10-14,80,67,,41,0,71,18
2017-10-15,63,66,,20,75,69,0
2017-10-16,99,73,,34,64,99,29
2017-10-17,78,68,,51,96,64,15
2017-10-18,100,75,,85,0,35,15
2017-10-19,74,100,,69,32,59,15
2017-10-20,63,66,,0,66,85,0
2017-10-21,54,60,,21,0,79,0
2017-10-22,48,79,,0,75,55,34
2017-10-23,81,68,,100,31,34,29
2017-10-24,65,67,,17,32,75,29
2017-10-25,68,76,,68,0,99,0
2017-10-26,93,80,,17,64,100,0
2017-10-27,51,61,,18,100,61,0
2017-10-28,47,53,,20,77,77,35
2017-10-29,82,57,,0,39,42,35
2017-10-30,78,82,,0,62,68,100
2017-10-31,55,60,,35,0,36,30
2017-11-01,74,74,,34,70,50,29
2017-11-02,100,87,,48,33,66,27
2017-11-03,92,66,,17,35,55,58
2017-11-04,37,88,,39,41,35,0
2017-11-05,67,69,,19,0,34,0
2017-11-06,83,66,,80,33,52,0
2017-11-07,66,80,,0,0,47,0
2017-11-08,85,90,,33,68,43,28
2017-11-09,75,72,,32,34,29,28
2017-11-10,38,69,,34,0,71,29
2017-11-11,39,57,,58,0,69,100
2017-11-12,63,77,,38,0,34,66
2017-11-13,97,68,,80,67,100,55
2017-11-14,78,64,,32,67,86,28
2017-11-15,87,87,,32,100,66,55
2017-11-16,65,100,,65,34,38,56
2017-11-17,73,79,,100,70,94,0
2017-11-18,51,61,,0,41,69,34
2017-11-19,57,57,,19,40,63,33
2017-11-20,82,68,,33,69,78,57
2017-11-21,68,89,,33,0,60,0
2017-11-22,81,63,,18,0,43,31
2017-11-23,31,56,,99,0,65,34
2017-11-24,42,49,,0,0,39,0
2017-11-25,45,58,,19,40,28,33
2017-11-26,47,59,,76,0,34,99
2017-11-27,52,68,,60,63,36,52
2017-11-28,48,83,,63,65,74,81
2017-11-29,62,83,,32,100,80,28
2017-11-30,82,73,,16,34,72,0
2017-12-01,84,85,,50,100,93,62
2017-12-02,63,66,,20,39,66,0
2017-12-03,79,46,,0,38,89,0
2017-12-04,76,80,,49,33,86,60
2017-12-05,64,80,,16,96,79,0
2017-12-06,100,64,,16,65,75,30
2017-12-07,95,72,,81,65,65,90
2017-12-08,78,73,,17,67,72,62
2017-12-09,44,56,,20,39,85,73
2017-12-10,65,68,,20,78,60,36
2017-12-11,95,58,,65,33,50,0
2017-12-12,97,75,,32,0,50,60
2017-12-13,74,77,,49,0,76,61
2017-12-14,78,56,,17,67,62,0
2017-12-15,64,73,,34,34,42,32
2017-12-16,43,57,,100,0,31,37
2017-12-17,58,74,,0,80,61,37
2017-12-18,54,100,,17,0,53,63
2017-12-19,68,70,,85,34,100,0
2017-12-20,68,64,,35,0,76,65
2017-12-21,62,51,,54,36,39,100
2017-12-22,53,68,,19,38,82,0
2017-12-23,28,71,,21,0,65,39
2017-12-24,35,55,,0,44,41,0
2017-12-25,40,33,,46,0,21,0
2017-12-26,47,61,,20,0,79,0
2017-12-27,76,63,,18,74,80,68
2017-12-28,54,51,,19,37,80,69
2017-12-29,58,55,,19,0,52,70
2017-12-30,38,59,,81,40,37,75
2017-12-31,74,53,,0,0,55,37
2018-01-01,47,51,0.0,51,40,57,30
2018-01-02,58,68,0.0,67,0,36,53
2018-01-03,51,94,0.0,22,34,65,0
2018-01-04,63,74,0.0,21,100,82,25
2018-01-05,70,70,0.0,66,34,62,79
2018-01-06,94,79,0.0,50,78,65,30
2018-01-07,69,80,0.0,24,38,54,57
2018-01-08,64,82,0.0,83,65,100,25
2018-01-09,71,78,100.0,83,32,54,74
2018-01-10,68,100,0.0,43,33,60,25
2018-01-11,86,68,0.0,84,0,72,0
2018-01-12,78,84,0.0,43,0,39,51
2018-01-13,76,80,0.0,75,0,20,59
2018-01-14,31,75,0.0,0,38,69,29
2018-01-15,79,98,0.0,45,35,67,79
2018-01-16,76,83,0.0,41,65,75,0
2018-01-17,77,73,0.0,82,96,41,49
2018-01-18,79,80,0.0,84,99,47,100
2018-01-19,98,60,0.0,43,67,61,0
2018-01-20,63,92,0.0,25,0,45,30
2018-01-21,66,71,0.0,73,0,34,0
2018-01-22,69,78,0.0,20,0,57,48
2018-01-23,100,92,0.0,0,0,54,99
2018-01-24,53,55,0.0,63,65,80,0
2018-01-25,70,89,0.0,84,33,59,0
2018-01-26,92,85,0.0,85,0,51,76
2018-01-27,77,58,0.0,100,0,60,0
2018-01-28,81,96,0.0,49,38,54,29
2018-01-29,93,89,0.0,20,95,33,24
2018-01-30,100,72,0.0,82,32,61,0
2018-01-31,94,72,0.0,83,32,66,73
2018-02-01,95,92,,40,100,68,21
2018-02-02,65,87,,63,0,65,22
2018-02-03,61,70,,49,30,100,26
2018-02-04,53,76,,0,30,69,100
2018-02-05,60,68,,79,49,43,41
2018-02-06,78,78,,60,49,63,0
2018-02-07,60,85,,100,25,53,0
2018-02-08,66,98,,40,50,53,63
2018-02-09,50,91,,41,76,65,43
2018-02-10,61,51,,49,90,64,76
2018-02-11,50,63,,72,0,75,75
2018-02-12,72,78,,100,49,87,63
2018-02-13,100,97,,81,0,64,0
2018-02-14,92,69,,0,25,64,21
2018-02-15,85,76,,62,77,80,22
2018-02-16,65,91,,0,26,71,22
2018-02-17,80,57,,24,30,64,0
2018-02-18,59,92,,49,60,88,77
2018-02-19,69,88,,42,52,25,66
2018-02-20,65,68,,40,75,73,0
2018-02-21,40,74,,60,50,82,42
2018-02-22,60,63,,60,25,72,21
2018-02-23,70,62,,82,76,49,0
2018-02-24,37,100,,0,0,47,25
2018-02-25,69,62,,24,0,52,25
2018-02-26,74,75,,40,49,58,63
2018-02-27,75,83,,20,50,58,21
2018-02-28,70,76,,40,0,67,62
2018-03-01,54,72,,31,46,90,32
2018-03-02,46,73,,48,24,59,49
2018-03-03,48,67,,58,29,65,0
2018-03-04,38,68,,0,0,100,0
2018-03-05,48,68,,63,47,68,48
2018-03-06,41,100,,96,0,63,65
2018-03-07,36,71,,48,24,93,16
2018-03-08,59,76,,48,96,69,0
2018-03-09,41,57,,33,100,20,0
2018-03-10,38,53,,58,29,76,0
2018-03-11,44,45,,38,0,35,19
2018-03-12,50,67,,32,24,59,0
2018-03-13,36,63,,16,72,74,33
2018-03-14,49,69,,16,48,69,0
2018-03-15,46,71,,49,73,94,0
2018-03-16,43,59,,100,0,56,17
2018-03-17,42,52,,0,29,66,40
2018-03-18,29,72,,20,29,72,100
2018-03-19,71,68,,0,48,64,33
2018-03-20,63,83,,48,0,74,33
2018-03-21,39,80,,0,24,89,16
2018-03-22,62,63,,16,48,85,50
2018-03-23,55,75,,68,0,62,17
2018-03-24,32,50,,19,0,54,0
2018-03-25,34,75,,39,0,66,40
2018-03-26,100,82,,67,0,97,34
2018-03-27,63,84,,67,25,87,17
2018-03-28,60,84,,17,51,67,0
2018-03-29,47,76,,34,25,93,35
2018-03-30,39,73,,36,0,61,55
2018-03-31,39,58,,20,0,49,20
2018-04-01,47,60,0.0,48,41,82,31
2018-04-02,73,100,0.0,13,69,63,51
2018-04-03,65,78,0.0,50,0,64,97
2018-04-04,73,73,0.0,0,100,39,50
2018-04-05,93,53,0.0,78,33,48,50
2018-04-06,79,65,0.0,13,34,49,25
2018-04-07,69,57,0.0,30,39,46,29
2018-04-08,66,71,0.0,30,39,72,0
2018-04-09,82,77,0.0,25,0,47,0
2018-04-10,81,85,0.0,51,0,65,24
2018-04-11,79,74,0.0,0,99,35,49
2018-04-12,78,61,0.0,78,67,57,25
2018-04-13,63,68,0.0,13,34,68,0
2018-04-14,80,52,0.0,15,39,88,0
2018-04-15,70,66,0.0,15,0,35,0
2018-04-16,100,82,0.0,37,0,84,47
2018-04-17,81,66,0.0,87,32,59,48
2018-04-18,73,79,0.0,0,33,100,25
2018-04-19,72,79,100.0,26,0,80,100
2018-04-20,79,88,0.0,40,0,49,25
2018-04-21,63,58,0.0,78,80,74,30
2018-04-22,78,53,0.0,15,40,100,0
2018-04-23,88,96,0.0,0,32,68,72
2018-04-24,91,76,0.0,25,64,34,24
2018-04-25,73,87,0.0,100,32,72,24
2018-04-26,87,58,0.0,64,0,35,0
2018-04-27,75,74,0.0,13,34,27,0
2018-04-28,73,62,0.0,0,40,42,30
2018-04-29,83,74,0.0,46,40,68,30
2018-04-30,92,69,0.0,13,0,38,24
2018-05-01,94,69,,98,0,80,98
2018-05-02,77,60,,20,26,59,20
2018-05-03,83,72,,79,0,59,0
2018-05-04,77,61,,41,0,44,20
2018-05-05,49,65,,72,32,41,24
2018-05-06,52,49,,73,0,57,48
2018-05-07,86,52,,78,52,100,0
2018-05-08,70,85,,39,0,47,20
2018-05-09,97,63,,39,0,68,20
2018-05-10,77,73,,59,26,59,0
2018-05-11,67,69,,20,55,57,0
2018-05-12,60,57,,25,33,59,25
2018-05-13,73,60,,100,100,54,100
2018-05-14,64,73,,61,27,70,61
2018-05-15,77,100,,0,26,68,20
2018-05-16,61,78,,40,27,95,40
2018-05-17,85,84,,61,0,48,61
2018-05-18,94,78,,62,0,49,21
2018-05-19,52,59,,48,32,72,0
2018-05-20,66,59,,74,0,43,50
2018-05-21,100,86,,20,0,52,0
2018-05-22,87,70,,60,0,56,81
2018-05-23,98,76,,41,27,61,41
2018-05-24,80,69,,42,56,91,0
2018-05-25,94,70,,22,0,75,22
2018-05-26,58,64,,51,68,33,25
2018-05-27,70,60,,25,67,49,50
2018-05-28,84,69,,24,31,35,24
2018-05-29,72,80,,61,27,48,20
2018-05-30,85,68,,41,54,74,81
2018-05-31,81,86,,62,0,57,62
2018-06-01,64,79,,14,36,49,51
2018-06-02,29,69,,51,43,52,20
2018-06-03,51,54,,0,42,63,40
2018-06-04,31,60,,14,35,67,17
2018-06-05,78,65,,0,0,75,0
2018-06-06,35,71,,28,0,48,17
2018-06-07,63,65,,70,0,76,17
2018-06-08,66,71,,100,72,68,17
2018-06-09,43,67,,33,0,61,20
2018-06-10,31,79,,67,85,51,100
2018-06-11,56,75,,13,0,59,32
2018-06-12,55,81,,26,0,98,63
2018-06-13,50,80,,26,100,45,32
2018-06-14,44,69,,28,35,28,0
2018-06-15,64,80,,0,0,45,0
2018-06-16,100,93,,51,0,51,40
2018-06-17,93,76,,34,0,52,40
2018-06-18,94,99,,28,0,38,33
2018-06-19,96,74,,14,35,38,0
2018-06-20,73,80,,14,36,39,51
2018-06-21,71,88,,29,72,48,17
2018-06-22,48,69,,29,37,40,52
2018-06-23,61,65,,16,41,56,0
2018-06-24,56,67,,68,43,52,81
2018-06-25,59,73,,14,71,100,17
2018-06-26,78,76,,28,0,57,17
2018-06-27,61,79,,42,36,43,84
2018-06-28,64,100,,14,0,59,52
2018-06-29,85,59,,30,0,66,36
2018-06-30,44,48,,34,43,57,20
2018-07-01,70,81,,17,0,59,20
2018-07-02,72,63,,0,33,55,17
2018-07-03,57,67,,29,100,47,17
2018-07-04,75,100,,66,0,58,19
2018-07-05,73,98,,15,35,36,18
2018-07-06,66,66,,0,0,67,17
2018-07-07,65,74,,0,76,19,0
2018-07-08,82,83,,49,0,43,57
2018-07-09,55,65,,69,0,61,80
2018-07-10,61,71,,27,63,100,0
2018-07-11,76,65,,27,0,63,16
2018-07-12,78,88,,15,0,56,17
2018-07-13,90,75,,15,0,65,17
2018-07-14,49,77,,0,0,49,19
2018-07-15,68,65,,33,0,24,19
2018-07-16,76,82,,42,0,54,17
2018-07-17,100,85,,56,0,46,0
2018-07-18,77,80,,43,33,42,0
2018-07-19,81,69,,29,0,60,51
2018-07-20,56,73,,15,0,48,51
2018-07-21,63,57,,16,0,19,0
2018-07-22,54,90,,16,38,24,38
2018-07-23,99,76,,100,0,88,100
2018-07-24,76,75,,28,0,25,16
2018-07-25,66,76,,71,0,42,16
2018-07-26,95,72,,14,33,55,17
2018-07-27,86,70,,59,0,34,0
2018-07-28,72,63,,0,38,19,0
2018-07-29,65,75,,0,39,40,40
2018-07-30,77,81,,29,33,42,0
2018-07-31,67,66,,42,32,57,0
2018-08-01,76,96,,37,0,62,0
2018-08-02,61,88,,12,0,37,42
2018-08-03,58,84,,0,0,35,44
2018-08-04,57,80,,0,24,44,25
2018-08-05,60,92,,29,0,54,25
2018-08-06,76,67,,25,20,46,43
2018-08-07,78,75,,25,0,67,43
2018-08-08,53,65,,12,0,41,21
2018-08-09,72,85,,12,20,67,43
2018-08-10,62,61,,64,0,39,0
2018-08-11,86,61,,14,0,49,0
2018-08-12,68,73,,29,0,59,75
2018-08-13,68,73,,25,0,76,43
2018-08-14,58,69,,50,20,84,43
2018-08-15,79,100,,38,21,72,43
2018-08-16,80,77,,25,0,68,22
2018-08-17,68,65,,13,0,34,44
2018-08-18,53,59,,15,0,45,0
2018-08-19,67,63,,30,0,30,26
2018-08-20,59,99,,0,0,47,0
2018-08-21,63,82,,12,0,59,43
2018-08-22,74,64,,100,0,38,64
2018-08-23,100,92,,25,41,68,0
2018-08-24,76,62,,26,0,47,44
2018-08-25,79,71,,15,0,83,100
2018-08-26,61,66,,15,24,64,76
2018-08-27,69,80,,37,20,100,0
2018-08-28,80,80,,37,20,50,21
2018-08-29,88,97,,49,20,58,42
2018-08-30,62,93,,25,100,50,84
2018-08-31,61,74,,38,20,59,22
2018-09-01,62,70,,15,12,38,16
2018-09-02,43,52,,31,6,45,100
2018-09-03,80,81,,0,6,73,31
2018-09-04,91,82,,50,0,50,40
2018-09-05,86,89,,12,5,76,40
2018-09-06,64,85,,73,24,54,13
2018-09-07,75,70,,37,10,72,27
2018-09-08,65,53,,14,12,53,78
2018-09-09,54,72,,0,11,72,61
2018-09-10,63,66,,37,0,36,13
2018-09-11,49,86,,62,15,40,53
2018-09-12,96,67,,12,10,22,13
2018-09-13,71,64,,25,5,41,27
2018-09-14,78,60,,13,5,55,14
2018-09-15,57,53,,15,0,44,32
2018-09-16,51,85,,15,12,27,32
2018-09-17,76,88,,12,5,45,53
2018-09-18,92,100,,12,0,31,0
2018-09-19,86,85,,51,10,65,41
2018-09-20,75,100,,25,0,58,40
2018-09-21,55,87,,38,0,33,14
2018-09-22,81,57,,0,0,38,33
2018-09-23,51,91,,30,6,48,32
2018-09-24,57,76,,49,5,49,40
2018-09-25,100,85,,12,5,40,0
2018-09-26,63,73,,62,5,100,14
2018-09-27,85,66,,100,10,32,14
2018-09-28,55,84,,38,20,51,14
2018-09-29,48,71,,31,24,22,0
2018-09-30,56,67,,44,100,54,32
2018-10-01,78,85,,14,100,91,16
2018-10-02,67,81,,14,33,70,0
2018-10-03,54,100,,28,11,81,49
2018-10-04,65,88,,43,0,44,33
2018-10-05,87,64,,0,47,51,17
2018-10-06,43,77,,34,41,94,0
2018-10-07,57,52,,33,67,90,78
2018-10-08,66,69,,56,68,71,16
2018-10-09,97,90,,28,23,49,33
2018-10-10,53,79,,42,45,33,49
2018-10-11,83,78,,43,34,55,33
2018-10-12,90,86,,45,12,58,0
2018-10-13,79,66,,0,42,41,20
2018-10-14,35,80,,34,0,59,0
2018-10-15,94,88,,100,11,66,17
2018-10-16,82,79,,71,11,93,16
2018-10-17,66,86,,14,11,82,33
2018-10-18,86,81,,87,35,85,0
2018-10-19,100,80,,45,24,52,35
2018-10-20,42,64,,51,0,85,20
2018-10-21,58,66,,17,27,66,20
2018-10-22,83,75,,57,23,100,17
2018-10-23,79,80,,42,11,71,49
2018-10-24,75,77,,41,22,80,48
2018-10-25,74,76,,57,11,89,0
2018-10-26,68,75,,45,36,93,17
2018-10-27,59,73,,17,14,67,60
2018-10-28,50,71,,17,0,59,20
2018-10-29,92,76,,28,11,81,0
2018-10-30,78,83,,29,11,55,100
2018-10-31,53,85,,88,12,51,0
2018-11-01,100,80,,30,0,83,21
2018-11-02,86,75,,43,26,52,21
2018-11-03,79,96,,17,0,75,0
2018-11-04,61,54,,16,0,58,69
2018-11-05,64,71,,40,48,63,0
2018-11-06,89,64,,42,25,99,59
2018-11-07,93,73,,12,22,44,17
2018-11-08,61,89,,41,100,71,0
2018-11-09,64,74,,43,0,81,21
2018-11-10,50,82,,0,0,20,49
2018-11-11,40,74,,51,0,47,24
2018-11-12,83,73,,14,26,90,40
2018-11-13,70,77,,28,76,78,79
2018-11-14,81,82,,100,52,74,41
2018-11-15,78,76,,28,51,62,100
2018-11-16,43,64,,0,0,46,62
2018-11-17,59,86,,17,0,68,48
2018-11-18,84,64,,17,31,75,49
2018-11-19,91,51,,29,27,70,41
2018-11-20,64,67,,29,26,35,0
2018-11-21,74,98,,0,0,62,0
2018-11-22,55,78,,0,31,47,24
2018-11-23,35,66,,16,29,95,45
2018-11-24,52,84,,49,0,71,23
2018-11-25,79,49,,16,0,84,23
2018-11-26,68,71,,53,0,52,56
2018-11-27,81,72,,14,0,60,39
2018-11-28,78,94,,42,26,100,99
2018-11-29,79,100,,42,51,72,40
2018-11-30,92,68,,55,25,61,0
2018-12-01,61,64,,23,0,52,18
2018-12-02,46,48,,67,34,20,36
2018-12-03,99,71,,77,0,53,31
2018-12-04,79,76,,39,29,71,32
2018-12-05,100,93,,39,88,80,0
2018-12-06,65,69,,20,88,76,16
2018-12-07,77,71,,100,30,36,16
2018-12-08,51,66,,24,36,54,58
2018-12-09,75,64,,23,0,36,0
2018-12-10,59,75,,98,0,80,64
2018-12-11,76,73,,39,0,49,32
2018-12-12,88,62,,60,90,91,65
2018-12-13,75,81,,20,0,59,16
2018-12-14,90,75,,58,29,62,16
2018-12-15,49,78,,24,0,49,98
2018-12-16,34,100,,72,0,44,59
2018-12-17,77,70,,37,0,50,30
2018-12-18,90,68,,38,29,100,16
2018-12-19,46,76,,41,0,28,100
2018-12-20,71,74,,62,63,38,17
2018-12-21,53,79,,22,0,64,18
2018-12-22,34,49,,49,74,79,20
2018-12-23,51,54,,0,0,34,20
2018-12-24,45,45,,74,37,28,0
2018-12-25,33,53,,0,42,51,0
2018-12-26,78,54,,23,0,70,0
2018-12-27,47,73,,22,0,30,36
2018-12-28,69,53,,43,0,64,18
2018-12-29,50,75,,24,0,64,38
2018-12-30,63,61,,24,0,54,19
2018-12-31,42,67,,88,100,55,18
2019-01-01,73,52,0.0,61,31,59,0
2019-01-02,100,78,0.0,0,54,20,82
2019-01-03,99,50,0.0,50,26,54,0
2019-01-04,90,65,0.0,0,26,100,27
2019-01-05,49,88,0.0,29,0,51,60
2019-01-06,80,83,0.0,0,89,78,60
2019-01-07,84,65,0.0,25,0,72,51
2019-01-08,78,57,0.0,48,100,52,0
2019-01-09,88,100,0.0,24,25,38,26
2019-01-10,100,75,0.0,73,25,76,25
2019-01-11,70,68,0.0,25,26,44,26
2019-01-12,49,71,0.0,0,0,67,90
2019-01-13,68,72,0.0,0,29,39,0
2019-01-14,80,89,0.0,48,0,61,50
2019-01-15,96,80,0.0,72,50,61,0
2019-01-16,92,81,0.0,73,50,76,0
2019-01-17,92,73,0.0,0,25,57,25
2019-01-18,84,78,0.0,74,26,58,26
2019-01-19,74,64,0.0,0,29,72,29
2019-01-20,72,56,0.0,53,0,63,84
2019-01-21,70,81,0.0,74,26,39,0
2019-01-22,86,72,100.0,24,0,37,50
2019-01-23,99,73,0.0,0,0,52,25
2019-01-24,69,88,0.0,95,25,65,99
2019-01-25,80,76,0.0,100,0,88,26
2019-01-26,62,76,0.0,58,61,46,61
2019-01-27,78,66,0.0,29,0,90,90
2019-01-28,84,68,0.0,96,50,52,100
2019-01-29,91,72,0.0,47,0,82,49
2019-01-30,90,88,0.0,47,49,42,49
2019-01-31,85,90,0.0,48,25,61,25
2019-02-01,70,53,,57,33,54,34
2019-02-02,68,83,,51,39,76,60
2019-02-03,84,100,,17,0,88,20
2019-02-04,76,64,,69,63,87,33
2019-02-05,76,69,,28,98,85,34
2019-02-06,89,90,,43,98,80,50
2019-02-07,68,78,,42,0,47,17
2019-02-08,62,73,,14,66,86,34
2019-02-09,57,90,,17,77,88,100
2019-02-10,56,66,,33,38,75,20
2019-02-11,90,75,,41,95,77,49
2019-02-12,73,70,,85,32,74,17
2019-02-13,67,68,,42,65,69,67
2019-02-14,81,76,,100,33,53,0
2019-02-15,90,83,,45,0,96,36
2019-02-16,75,78,,51,39,70,20
2019-02-17,88,72,,34,0,63,40
2019-02-18,59,72,,0,34,100,18
2019-02-19,77,91,,58,0,80,51
2019-02-20,85,77,,14,98,90,34
2019-02-21,77,85,,43,33,48,0
2019-02-22,100,70,,29,100,82,0
2019-02-23,68,73,,17,0,80,78
2019-02-24,65,93,,17,39,96,20
2019-02-25,71,100,,55,63,62,98
2019-02-26,90,84,,28,96,83,0
2019-02-27,84,75,,83,0,82,49
2019-02-28,92,89,,14,33,97,17
2019-03-01,33,57,,0,0,48,24
2019-03-02,39,77,,0,64,76,0
2019-03-03,46,76,,37,64,65,55
2019-03-04,51,74,,16,27,43,0
2019-03-05,50,72,,32,0,70,0
2019-03-06,52,85,,77,26,75,46
2019-03-07,31,97,,48,0,100,0
2019-03-08,57,83,,17,57,40,99
2019-03-09,32,93,,59,34,48,29
2019-03-10,38,71,,59,100,53,29
2019-03-11,57,82,,49,0,71,49
2019-03-12,58,90,,65,28,44,24
2019-03-13,55,91,,0,0,40,49
2019-03-14,35,63,,33,28,75,24
2019-03-15,43,88,,66,28,45,74
2019-03-16,30,69,,20,0,74,58
2019-03-17,40,100,,40,0,81,30
2019-03-18,57,96,,68,87,55,51
2019-03-19,70,94,,0,0,66,24
2019-03-20,42,97,,68,29,46,25
2019-03-21,56,85,,50,0,58,0
2019-03-22,58,82,,34,29,77,100
2019-03-23,34,97,,19,66,58,29
2019-03-24,49,78,,37,0,69,82
2019-03-25,67,92,,100,57,81,25
2019-03-26,100,88,,0,28,81,74
2019-03-27,75,78,,17,0,73,76
2019-03-28,36,62,,66,56,44,0
2019-03-29,57,88,,68,87,55,0
2019-03-30,46,78,,20,34,43,0
2019-03-31,53,55,,19,66,73,0
2019-04-01,91,58,0.0,42,66,63,57
2019-04-02,88,80,0.0,14,100,88,38
2019-04-03,74,72,0.0,71,67,35,19
2019-04-04,74,90,0.0,100,34,69,19
2019-04-05,64,88,0.0,15,0,91,39
2019-04-06,28,67,0.0,35,41,42,47
2019-04-07,59,44,0.0,17,0,100,23
2019-04-08,100,69,0.0,57,0,64,0
2019-04-09,60,73,0.0,42,33,73,38
2019-04-10,66,100,0.0,14,33,63,19
2019-04-11,78,67,0.0,42,0,92,19
2019-04-12,74,66,0.0,59,35,61,60
2019-04-13,40,44,0.0,0,0,30,0
2019-04-14,70,70,0.0,0,81,71,23
2019-04-15,78,59,0.0,0,34,25,38
2019-04-16,62,73,0.0,43,34,64,38
2019-04-17,61,62,100.0,30,0,77,100
2019-04-18,62,72,0.0,29,0,81,20
2019-04-19,75,75,0.0,47,37,60,0
2019-04-20,42,57,0.0,18,0,25,0
2019-04-21,67,54,0.0,19,0,45,25
2019-04-22,68,71,0.0,15,71,67,0
2019-04-23,87,65,0.0,15,0,82,20
2019-04-24,72,59,0.0,0,0,50,79
2019-04-25,59,68,0.0,0,34,54,19
2019-04-26,59,32,0.0,29,68,59,58
2019-04-27,57,70,0.0,17,0,65,70
2019-04-28,53,61,0.0,52,0,42,0
2019-04-29,79,92,0.0,42,0,88,57
2019-04-30,74,63,0.0,70,0,82,19
2019-05-01,75,80,,19,0,44,24
2019-05-02,81,95,,39,24,51,94
2019-05-03,78,76,,20,100,71,0
2019-05-04,48,72,,0,58,39,29
2019-05-05,26,76,,47,29,44,85
2019-05-06,79,82,,58,24,55,47
2019-05-07,69,85,,58,0,51,47
2019-05-08,56,88,,20,0,52,48
2019-05-09,65,90,,19,24,40,24
2019-05-10,60,82,,21,26,38,100
2019-05-11,82,60,,24,30,18,30
2019-05-12,50,68,,0,0,41,30
2019-05-13,69,100,,40,25,41,0
2019-05-14,76,85,,81,0,45,0
2019-05-15,72,86,,0,0,34,49
2019-05-16,71,79,,80,25,53,24
2019-05-17,52,77,,61,25,46,0
2019-05-18,45,86,,74,0,41,60
2019-05-19,52,70,,24,0,100,30
2019-05-20,63,91,,100,50,56,24
2019-05-21,61,78,,99,50,97,73
2019-05-22,64,74,,20,25,34,25
2019-05-23,90,72,,41,77,69,0
2019-05-24,62,81,,21,0,43,26
2019-05-25,46,66,,25,0,47,0
2019-05-26,46,84,,25,0,24,0
2019-05-27,100,67,,0,30,58,0
2019-05-28,75,87,,20,0,33,24
2019-05-29,84,77,,39,0,51,24
2019-05-30,75,64,,40,0,37,49
2019-05-31,71,80,,61,0,54,50
2019-06-01,61,68,,29,0,24,0
2019-06-02,43,81,,84,23,18,0
2019-06-03,81,85,,0,0,29,0
2019-06-04,73,53,,0,10,34,66
2019-06-05,78,89,,97,20,41,100
2019-06-06,68,68,,25,21,25,0
2019-06-07,94,96,,50,0,33,69
2019-06-08,56,77,,29,25,30,80
2019-06-09,42,72,,29,12,32,0
2019-06-10,79,77,,24,0,31,33
2019-06-11,54,94,,25,10,32,0
2019-06-12,81,75,,51,0,40,35
2019-06-13,62,84,,49,10,29,0
2019-06-14,64,95,,25,21,35,34
2019-06-15,66,86,,29,0,24,40
2019-06-16,56,79,,29,0,22,0
2019-06-17,74,85,,74,0,27,0
2019-06-18,85,78,,0,0,25,0
2019-06-19,87,99,,24,0,23,100
2019-06-20,65,83,,49,0,20,0
2019-06-21,93,100,,51,0,19,35
2019-06-22,62,53,,29,49,22,0
2019-06-23,57,62,,89,100,17,41
2019-06-24,89,88,,100,42,28,68
2019-06-25,75,88,,75,11,30,34
2019-06-26,59,74,,25,10,35,68
2019-06-27,55,76,,25,42,100,0
2019-06-28,100,81,,52,11,97,36
2019-06-29,57,59,,0,25,49,40
2019-06-30,65,78,,0,12,74,41
2019-07-01,9,42,,68,26,86,0
2019-07-02,14,37,,33,25,64,49
2019-07-03,12,41,,34,39,70,0
2019-07-04,9,27,,38,0,97,28
2019-07-05,9,33,,19,14,46,28
2019-07-06,13,20,,19,0,100,0
2019-07-07,30,100,,19,100,77,56
2019-07-08,56,83,,49,25,63,49
2019-07-09,49,59,,34,26,65,25
2019-07-10,100,51,,34,0,82,50
2019-07-11,81,38,,100,0,77,25
2019-07-12,37,38,,51,13,91,0
2019-07-13,17,43,,39,0,24,29
2019-07-14,22,33,,0,30,38,29
2019-07-15,18,39,,33,0,81,74
2019-07-16,15,39,,16,12,79,24
2019-07-17,19,38,,16,0,59,49
2019-07-18,13,40,,50,38,49,0
2019-07-19,16,37,,0,13,46,77
2019-07-20,9,44,,39,15,42,29
2019-07-21,14,32,,19,59,28,0
2019-07-22,15,42,,17,0,45,100
2019-07-23,15,50,,33,13,16,0
2019-07-24,10,45,,53,40,55,26
2019-07-25,15,42,,0,0,62,26
2019-07-26,18,42,,18,14,39,0
2019-07-27,13,35,,20,15,53,0
2019-07-28,11,35,,39,0,14,0
2019-07-29,15,31,,17,0,66,0
2019-07-30,12,30,,34,13,79,51
2019-07-31,64,34,,68,0,70,25
2019-08-01,90,77,,17,0,86,0
2019-08-02,75,83,,54,22,91,31
2019-08-03,100,76,,20,0,60,33
2019-08-04,58,82,,80,24,50,0
2019-08-05,69,82,,0,21,49,30
2019-08-06,76,86,,0,42,48,29
2019-08-07,59,85,,35,0,82,59
2019-08-08,60,84,,17,0,34,89
2019-08-09,42,73,,69,42,96,0
2019-08-10,41,75,,0,0,89,34
2019-08-11,58,78,,60,24,72,0
2019-08-12,61,77,,0,0,38,29
2019-08-13,65,100,,0,0,51,0
2019-08-14,61,88,,49,0,68,28
2019-08-15,65,82,,0,21,94,86
2019-08-16,77,77,,17,21,81,58
2019-08-17,49,67,,78,24,86,0
2019-08-18,37,86,,20,0,60,100
2019-08-19,69,58,,49,100,91,28
2019-08-20,66,100,,66,0,69,56
2019-08-21,56,85,,33,20,28,56
2019-08-22,55,78,,100,20,79,28
2019-08-23,66,96,,50,20,65,28
2019-08-24,33,69,,39,0,54,33
2019-08-25,56,69,,58,0,75,33
2019-08-26,62,74,,16,0,54,27
2019-08-27,57,61,,32,40,54,82
2019-08-28,54,74,,97,40,59,82
2019-08-29,58,93,,16,20,100,28
2019-08-30,46,83,,48,58,53,27
2019-08-31,35,66,,56,0,52,0
2019-09-01,48,42,,0,40,58,0
2019-09-02,58,76,,31,0,44,0
2019-09-03,54,63,,0,0,72,28
2019-09-04,82,67,,0,33,80,28
2019-09-05,60,71,,42,0,52,28
2019-09-06,72,71,,28,66,59,0
2019-09-07,40,68,,100,79,57,0
2019-09-08,76,100,,49,39,83,64
2019-09-09,77,69,,42,33,64,83
2019-09-10,61,60,,42,99,40,27
2019-09-11,84,76,,56,33,64,83
2019-09-12,74,88,,43,0,57,84
2019-09-13,86,56,,0,67,40,0
2019-09-14,41,45,,0,0,77,33
2019-09-15,54,80,,33,0,42,0
2019-09-16,97,65,,42,33,82,0
2019-09-17,50,64,,55,32,66,0
2019-09-18,91,70,,56,33,68,55
2019-09-19,88,74,,28,67,68,56
2019-09-20,67,78,,42,100,56,28
2019-09-21,72,72,,33,39,61,65
2019-09-22,41,58,,33,39,42,32
2019-09-23,100,79,,0,0,35,54
2019-09-24,82,87,,42,67,100,28
2019-09-25,78,61,,43,68,85,56
2019-09-26,75,60,,29,68,57,57
2019-09-27,65,74,,44,0,62,86
2019-09-28,78,58,,0,82,54,68
2019-09-29,58,64,,17,40,77,100
2019-09-30,75,79,,28,34,76,0
2019-10-01,43,74,,50,33,61,0
2019-10-02,65,92,,65,64,67,21
2019-10-03,51,76,,83,33,61,0
2019-10-04,75,83,,34,67,63,22
2019-10-05,54,87,,20,0,63,100
2019-10-06,47,71,,20,77,41,25
2019-10-07,73,67,,33,32,65,21
2019-10-08,60,92,,33,98,84,21
2019-10-09,75,89,,85,100,63,22
2019-10-10,63,84,,66,65,80,63
2019-10-11,66,82,,17,0,58,43
2019-10-12,48,89,,60,0,60,26
2019-10-13,40,66,,0,76,40,50
2019-10-14,79,78,,34,67,94,87
2019-10-15,80,87,,17,65,65,85
2019-10-16,55,81,,100,66,61,0
2019-10-17,66,98,,34,99,85,22
2019-10-18,56,76,,34,0,51,0
2019-10-19,57,63,,20,39,77,25
2019-10-20,63,69,,38,0,35,0
2019-10-21,61,86,,80,31,85,41
2019-10-22,79,75,,31,62,80,20
2019-10-23,100,96,,81,0,63,21
2019-10-24,61,88,,33,32,84,42
2019-10-25,63,72,,34,0,78,43
2019-10-26,53,63,,0,0,63,25
2019-10-27,39,93,,57,0,31,0
2019-10-28,63,92,,32,31,59,61
2019-10-29,81,100,,16,32,49,0
2019-10-30,66,92,,32,0,93,0
2019-10-31,91,62,,17,0,100,0
2019-11-01,100,58,,0,27,43,18
2019-11-02,51,59,,50,90,40,61
2019-11-03,64,68,,0,0,31,41
2019-11-04,81,60,,63,50,33,68
2019-11-05,90,85,,42,25,43,17
2019-11-06,95,84,,83,0,50,51
2019-11-07,79,92,,62,100,19,51
2019-11-08,70,69,,42,75,50,34
2019-11-09,41,66,,0,30,42,20
2019-11-10,53,66,,48,0,22,0
2019-11-11,68,79,,42,0,48,17
2019-11-12,90,100,,100,48,34,49
2019-11-13,92,76,,61,0,56,50
2019-11-14,69,77,,20,99,44,17
2019-11-15,93,61,,82,25,28,34
2019-11-16,66,58,,24,0,41,39
2019-11-17,49,78,,96,29,35,39
2019-11-18,68,82,,61,73,44,100
2019-11-19,54,100,,41,0,71,17
2019-11-20,68,80,,42,25,43,69
2019-11-21,76,75,,62,75,100,0
2019-11-22,63,65,,21,51,56,35
2019-11-23,35,53,,96,0,50,20
2019-11-24,40,62,,72,29,61,20
2019-11-25,72,64,,21,25,36,0
2019-11-26,56,69,,0,52,57,0
2019-11-27,41,53,,22,0,43,18
2019-11-28,20,45,,0,0,41,0
2019-11-29,28,56,,0,0,50,38
2019-11-30,38,66,,24,28,22,19
2019-12-01,56,19,,16,40,59,48
2019-12-02,54,20,,66,100,59,100
2019-12-03,73,29,,14,69,100,41
2019-12-04,81,22,,42,35,49,42
2019-12-05,84,24,,43,36,38,0
2019-12-06,52,22,,14,36,76,43
2019-12-07,31,18,,17,0,63,25
2019-12-08,100,100,,0,41,43,0
2019-12-09,79,89,,72,72,60,43
2019-12-10,74,39,,58,37,74,44
2019-12-11,62,28,,100,0,54,43
2019-12-12,72,31,,43,0,47,21
2019-12-13,54,25,,42,0,50,85
2019-12-14,15,21,,50,0,69,50
2019-12-15,57,26,,17,42,37,25
2019-12-16,58,20,,28,70,56,21
2019-12-17,84,26,,14,0,56,43
2019-12-18,63,24,,0,0,45,22
2019-12-19,53,17,,58,0,55,0
2019-12-20,61,20,,61,0,64,0
2019-12-21,27,18,,17,0,23,79
2019-12-22,45,29,,17,43,46,26
2019-12-23,44,21,,0,0,31,0
2019-12-24,42,18,,51,0,59,25
2019-12-25,39,21,,57,0,42,57
2019-12-26,52,20,,50,0,55,0
2019-12-27,53,21,,47,0,52,94
2019-12-28,35,23,,17,0,38,77
2019-12-29,47,23,,49,0,36,25
2019-12-30,52,24,,91,0,47,0
2019-12-31,49,24,,16,0,38,24
2020-01-01,64,65,,15,0,39,30
2020-01-02,60,62,,26,0,75,27
2020-01-03,100,78,,26,0,48,26
2020-01-04,66,76,,28,23,70,0
2020-01-05,68,85,,0,23,49,85
2020-01-06,72,68,,25,20,53,25
2020-01-07,52,85,,38,62,63,77
2020-01-08,77,75,,25,0,59,51
2020-01-09,67,73,,25,20,80,0
2020-01-10,68,67,,37,0,20,25
2020-01-11,47,71,,14,69,73,0
2020-01-12,77,65,,0,0,59,0
2020-01-13,81,53,,12,38,49,70
2020-01-14,58,63,,54,18,79,22
2020-01-15,91,100,,83,19,90,0
2020-01-16,76,71,,36,0,57,0
2020-01-17,65,82,,13,20,74,76
2020-01-18,45,68,,14,23,100,29
2020-01-19,74,56,,28,46,49,85
2020-01-20,71,67,,52,21,70,79
2020-01-21,81,69,,0,0,64,100
2020-01-22,71,66,,12,60,49,50
2020-01-23,60,76,,86,100,43,75
2020-01-24,75,61,,49,60,87,0
2020-01-25,60,52,,87,0,75,29
2020-01-26,42,74,,26,0,75,27
2020-01-27,55,68,,23,58,55,24
2020-01-28,77,80,,60,59,57,49
2020-01-29,90,97,,61,0,64,50
2020-01-30,48,91,,100,0,71,51
2020-01-31,88,72,,25,0,53,26
2020-02-01,50,93,,39,37,68,48
2020-02-02,37,60,,20,74,65,48
2020-02-03,59,83,,31,0,60,19
2020-02-04,70,100,,67,0,100,62
2020-02-05,68,83,,33,32,78,41
2020-02-06,67,76,,66,95,78,20
2020-02-07,64,67,,52,0,40,42
2020-02-08,50,77,,0,38,74,24
2020-02-09,40,60,,40,38,35,74
2020-02-10,100,87,,33,31,54,20
2020-02-11,86,95,,65,61,51,40
2020-02-12,77,63,,33,31,78,20
2020-02-13,73,82,,100,32,44,20
2020-02-14,62,96,,53,100,55,22
2020-02-15,47,83,,79,37,56,48
2020-02-16,67,97,,0,0,75,24
2020-02-17,62,81,,17,0,44,43
2020-02-18,73,91,,32,61,48,79
2020-02-19,77,93,,16,31,48,20
2020-02-20,68,90,,65,62,46,100
2020-02-21,66,92,,0,0,51,40
2020-02-22,38,83,,38,0,53,23
2020-02-23,54,83,,0,73,54,24
2020-02-24,65,63,,48,0,61,20
2020-02-25,85,92,,95,0,55,39
2020-02-26,63,76,,63,30,52,19
2020-02-27,81,79,,47,0,67,19
2020-02-28,65,84,,16,94,83,20
2020-02-29,45,72,,57,36,36,0
2020-03-01,65,87,,43,32,51,21
2020-03-02,73,96,,18,81,67,0
2020-03-03,74,97,,72,0,100,0
2020-03-04,76,97,,36,0,79,35
2020-03-05,79,83,,37,27,64,73
2020-03-06,81,95,,37,28,82,55
2020-03-07,53,69,,44,32,77,22
2020-03-08,57,79,,22,64,80,0
2020-03-09,81,95,,73,27,57,18
2020-03-10,84,100,,18,54,43,54
2020-03-11,90,83,,91,0,47,36
2020-03-12,63,74,,0,0,48,34
2020-03-13,44,71,,73,54,47,18
2020-03-14,46,63,,22,32,72,64
2020-03-15,57,48,,21,31,42,42
2020-03-16,51,70,,54,0,67,36
2020-03-17,62,54,,18,0,49,35
2020-03-18,50,58,,37,0,47,0
2020-03-19,58,78,,18,0,64,54
2020-03-20,49,56,,71,26,59,35
2020-03-21,51,54,,20,0,34,0
2020-03-22,44,56,,82,30,72,41
2020-03-23,31,67,,34,100,53,100
2020-03-24,45,61,,0,27,73,35
2020-03-25,56,63,,18,0,40,18
2020-03-26,100,68,,37,0,71,18
2020-03-27,69,67,,35,0,51,51
2020-03-28,41,58,,100,0,55,0
2020-03-29,60,60,,40,0,55,0
2020-03-30,84,82,,52,0,51,17
2020-03-31,61,76,,34,25,57,51
2020-04-01,65,66,,12,21,67,41
2020-04-02,81,68,,60,41,56,62
2020-04-03,73,83,,48,21,64,0
2020-04-04,78,82,,0,0,73,95
2020-04-05,74,88,,28,48,57,72
2020-04-06,76,66,,24,21,56,61
2020-04-07,67,91,,49,21,38,42
2020-04-08,91,95,,73,0,65,21
2020-04-09,84,58,,24,21,45,21
2020-04-10,89,85,,100,0,43,43
2020-04-11,69,99,,28,0,62,0
2020-04-12,60,76,,27,0,60,47
2020-04-13,83,77,,12,42,86,41
2020-04-14,81,87,,36,41,71,0
2020-04-15,86,83,,46,20,64,59
2020-04-16,87,67,,46,20,80,100
2020-04-17,81,82,,12,0,51,80
2020-04-18,76,84,,53,47,80,0
2020-04-19,57,77,,13,0,80,23
2020-04-20,80,61,,69,100,61,20
2020-04-21,81,88,,58,41,48,40
2020-04-22,95,89,,82,41,88,81
2020-04-23,72,100,,46,0,61,40
2020-04-24,79,75,,11,0,54,20
2020-04-25,64,84,,40,70,67,23
2020-04-26,79,79,,41,47,64,70
2020-04-27,100,87,,36,41,74,41
2020-04-28,52,93,,12,0,89,0
2020-04-29,71,75,,47,0,73,0
2020-04-30,62,65,,34,0,100,39
2020-05-01,80,78,,34,51,37,0
2020-05-02,68,69,,0,0,33,49
2020-05-03,73,94,,59,40,31,49
2020-05-04,77,83,,100,34,41,42
2020-05-05,100,88,,16,31,36,59
2020-05-06,62,79,,17,34,32,84
2020-05-07,82,62,,33,67,37,63
2020-05-08,88,80,,50,0,42,42
2020-05-09,83,74,,38,19,32,72
2020-05-10,64,70,,40,0,39,25
2020-05-11,87,89,,51,0,50,64
2020-05-12,57,80,,34,34,45,85
2020-05-13,61,75,,34,34,23,85
2020-05-14,81,71,,16,17,40,0
2020-05-15,72,74,,51,0,23,64
2020-05-16,66,68,,40,100,29,100
2020-05-17,48,84,,39,39,29,74
2020-05-18,84,70,,33,17,41,21
2020-05-19,73,88,,50,17,41,21
2020-05-20,94,79,,51,17,50,21
2020-05-21,85,85,,17,0,36,66
2020-05-22,58,88,,17,0,44,0
2020-05-23,78,59,,20,20,22,51
2020-05-24,69,73,,62,0,23,52
2020-05-25,69,60,,40,40,41,25
2020-05-26,55,77,,17,17,38,22
2020-05-27,79,76,,17,0,44,43
2020-05-28,91,70,,17,34,31,43
2020-05-29,79,95,,70,0,30,44
2020-05-30,71,100,,0,0,41,99
2020-05-31,88,74,,20,40,100,25
2020-06-01,74,71,,65,35,57,77
2020-06-02,70,87,,66,35,72,19
2020-06-03,90,66,,78,33,57,18
2020-06-04,82,92,,15,33,68,37
2020-06-05,47,62,,64,34,47,38
2020-06-06,76,63,,56,0,45,88
2020-06-07,63,71,,19,40,33,0
2020-06-08,75,80,,31,33,57,0
2020-06-09,82,60,,62,100,74,18
2020-06-10,75,72,,32,0,54,38
2020-06-11,79,93,,0,0,54,38
2020-06-12,60,65,,34,37,85,20
2020-06-13,88,68,,19,42,51,23
2020-06-14,45,69,,39,42,100,0
2020-06-15,49,72,,67,0,58,20
2020-06-16,70,87,,49,0,49,39
2020-06-17,70,82,,51,0,62,20
2020-06-18,64,75,,50,36,44,39
2020-06-19,76,61,,35,37,43,41
2020-06-20,55,65,,19,42,44,0
2020-06-21,57,73,,100,0,67,47
2020-06-22,77,80,,34,0,60,0
2020-06-23,66,90,,69,37,87,81
2020-06-24,100,93,,51,72,59,100
2020-06-25,72,80,,17,0,60,40
2020-06-26,75,76,,18,0,62,0
2020-06-27,65,100,,20,42,45,46
2020-06-28,73,60,,38,41,64,0
2020-06-29,80,79,,52,0,51,20
2020-06-30,63,89,,35,0,49,41
2020-07-01,93,66,,39,0,34,20
2020-07-02,60,89,,59,25,46,20
2020-07-03,54,60,,21,0,100,22
2020-07-04,54,62,,47,0,93,24
2020-07-05,44,75,,0,90,60,24
2020-07-06,82,70,,95,0,57,39
2020-07-07,100,82,,39,0,34,60
2020-07-08,95,87,,39,25,46,0
2020-07-09,88,81,,78,49,49,0
2020-07-10,51,78,,60,0,48,21
2020-07-11,64,60,,45,28,46,68
2020-07-12,87,86,,45,0,57,0
2020-07-13,73,67,,19,49,43,0
2020-07-14,86,61,,39,0,64,40
2020-07-15,65,83,,59,49,68,40
2020-07-16,68,90,,0,100,75,0
2020-07-17,60,87,,60,0,67,41
2020-07-18,58,76,,23,29,62,23
2020-07-19,81,81,,46,29,66,24
2020-07-20,76,100,,0,0,91,0
2020-07-21,92,88,,59,25,66,60
2020-07-22,84,94,,79,0,43,20
2020-07-23,65,74,,79,0,81,0
2020-07-24,65,71,,81,51,38,21
2020-07-25,68,74,,46,29,54,47
2020-07-26,48,68,,68,29,65,0
2020-07-27,63,65,,40,25,62,0
2020-07-28,62,98,,100,0,44,20
2020-07-29,55,67,,40,25,50,0
2020-07-30,69,66,,20,25,65,100
2020-07-31,60,86,,20,0,74,0
2020-08-01,42,79,,45,0,49,20
2020-08-02,58,84,,0,0,38,20
2020-08-03,51,68,,100,100,43,70
2020-08-04,68,100,,40,0,52,17
2020-08-05,54,85,,0,0,50,18
2020-08-06,52,81,,20,0,50,17
2020-08-07,100,85,,20,0,39,18
2020-08-08,64,90,,23,0,49,0
2020-08-09,49,79,,70,0,100,0
2020-08-10,55,85,,0,33,42,0
2020-08-11,60,80,,39,32,30,0
2020-08-12,67,74,,59,0,51,69
2020-08-13,63,82,,39,65,56,52
2020-08-14,51,89,,20,0,48,36
2020-08-15,41,64,,23,0,65,40
2020-08-16,38,82,,23,0,62,100
2020-08-17,58,69,,0,33,63,52
2020-08-18,57,70,,58,64,30,51
2020-08-19,57,96,,38,0,39,51
2020-08-20,54,97,,58,64,28,17
2020-08-21,64,84,,20,66,50,17
2020-08-22,54,70,,0,38,49,40
2020-08-23,44,84,,0,38,38,20
2020-08-24,39,78,,19,31,45,49
2020-08-25,54,67,,56,0,45,17
2020-08-26,64,74,,56,31,34,33
2020-08-27,44,88,,19,31,53,33
2020-08-28,71,81,,19,32,28,0
2020-08-29,54,86,,21,0,44,0
2020-08-30,59,73,,23,38,43,40
2020-08-31,73,81,,74,62,40,33
2020-09-01,83,67,,35,34,87,58
2020-09-02,100,86,,85,0,67,14
2020-09-03,87,58,,17,0,51,43
2020-09-04,71,67,,36,0,87,15
2020-09-05,68,84,,64,42,84,18
2020-09-06,65,75,,64,84,100,72
2020-09-07,64,54,,61,0,72,51
2020-09-08,51,61,,17,0,56,28
2020-09-09,80,56,,17,100,57,71
2020-09-10,80,80,,100,32,56,14
2020-09-11,79,49,,17,0,58,29
2020-09-12,63,59,,42,0,35,52
2020-09-13,55,49,,20,40,34,51
2020-09-14,71,60,,50,66,91,56
2020-09-15,80,57,,17,33,92,100
2020-09-16,88,70,,34,67,83,29
2020-09-17,79,73,,68,33,53,14
2020-09-18,93,67,,18,0,66,29
2020-09-19,42,42,,21,0,63,18
2020-09-20,35,61,,84,41,55,18
2020-09-21,78,62,,17,33,67,57
2020-09-22,92,55,,50,33,84,28
2020-09-23,65,67,,35,0,49,29
2020-09-24,86,100,,34,33,92,14
2020-09-25,77,67,,77,75,65,16
2020-09-26,67,59,,67,87,74,19
2020-09-27,66,52,,22,0,40,18
2020-09-28,87,67,,19,0,87,16
2020-09-29,84,88,,18,0,55,46
2020-09-30,56,69,,37,0,45,46
2020-10-01,58,63,,71,0,53,26
2020-10-02,42,64,,73,53,66,27
2020-10-03,69,76,,64,31,78,63
2020-10-04,64,40,,42,0,62,31
2020-10-05,89,75,,35,52,53,26
2020-10-06,87,71,,36,26,71,26
2020-10-07,86,62,,89,52,56,0
2020-10-08,78,54,,89,26,62,53
2020-10-09,56,68,,20,0,100,61
2020-10-10,65,69,,23,100,64,68
2020-10-11,54,62,,22,33,66,100
2020-10-12,100,53,,20,29,42,59
2020-10-13,67,59,,100,87,66,0
2020-10-14,76,100,,61,29,91,60
2020-10-15,42,76,,0,29,45,30
2020-10-16,89,75,,0,30,51,0
2020-10-17,46,74,,23,34,49,35
2020-10-18,38,58,,23,0,51,0
2020-10-19,78,75,,40,0,39,60
2020-10-20,58,79,,41,0,75,0
2020-10-21,55,75,,61,0,88,30
2020-10-22,66,68,,20,0,99,91
2020-10-23,62,65,,41,0,86,61
2020-10-24,53,94,,23,0,64,34
2020-10-25,82,71,,22,0,51,33
2020-10-26,69,76,,40,29,63,0
2020-10-27,81,74,,20,30,81,60
2020-10-28,76,52,,0,29,77,0
2020-10-29,71,83,,20,88,73,0
2020-10-30,85,65,,42,31,80,62
2020-10-31,57,66,,47,0,62,35
2020-11-01,77,45,,22,0,78,79
2020-11-02,93,100,,37,0,44,0
2020-11-03,87,53,,54,30,65,33
2020-11-04,55,50,,24,0,41,65
2020-11-05,57,46,,14,0,52,0
2020-11-06,81,49,,61,0,43,0
2020-11-07,54,39,,18,30,64,0
2020-11-08,59,67,,19,0,93,70
2020-11-09,97,68,,36,30,57,32
2020-11-10,76,64,,35,29,78,32
2020-11-11,98,56,,18,30,82,32
2020-11-12,79,66,,17,0,90,94
2020-11-13,57,58,,36,30,79,98
2020-11-14,88,75,,61,0,45,0
2020-11-15,69,67,,0,0,44,37
2020-11-16,88,68,,54,0,76,98
2020-11-17,59,51,,18,0,86,32
2020-11-18,98,64,,56,31,100,33
2020-11-19,75,72,,18,31,81,100
2020-11-20,87,63,,56,0,67,67
2020-11-21,76,66,,0,0,62,37
2020-11-22,82,62,,40,0,61,0
2020-11-23,66,59,,74,0,56,34
2020-11-24,100,69,,56,0,68,34
2020-11-25,99,43,,0,64,76,34
2020-11-26,43,64,,40,33,48,72
2020-11-27,45,46,,39,0,82,35
2020-11-28,38,60,,100,100,68,36
2020-11-29,66,41,,0,33,52,36
2020-11-30,78,75,,17,29,65,31
2020-12-01,64,54,0.0,80,0,43,45
2020-12-02,71,54,100.0,48,0,27,45
2020-12-03,48,58,0.0,48,0,40,0
2020-12-04,74,48,0.0,33,69,55,0
2020-12-05,30,53,0.0,18,24,29,0
2020-12-06,45,50,0.0,18,49,27,0
2020-12-07,43,60,0.0,81,44,33,0
2020-12-08,100,80,0.0,0,66,100,0
2020-12-09,76,61,0.0,16,22,77,23
2020-12-10,63,100,0.0,65,22,47,23
2020-12-11,52,58,0.0,65,0,40,46
2020-12-12,51,34,0.0,0,0,48,0
2020-12-13,47,42,0.0,53,0,34,100
2020-12-14,59,59,0.0,97,0,36,68
2020-12-15,67,68,0.0,33,0,33,46
2020-12-16,69,64,0.0,100,46,41,24
2020-12-17,79,59,0.0,16,68,28,23
2020-12-18,60,63,0.0,35,24,50,0
2020-12-19,43,39,0.0,37,50,37,0
2020-12-20,51,31,0.0,37,25,35,0
2020-12-21,53,46,0.0,51,23,46,24
2020-12-22,38,54,0.0,17,24,41,0
2020-12-23,45,56,0.0,0,0,39,50
2020-12-24,53,49,0.0,18,100,25,26
2020-12-25,32,53,0.0,0,0,33,59
2020-12-26,21,41,0.0,0,0,14,82
2020-12-27,38,56,0.0,36,0,25,76
2020-12-28,45,50,0.0,17,47,36,24
2020-12-29,56,42,0.0,34,23,34,72
2020-12-30,61,48,0.0,0,0,48,24
2020-12-31,40,44,0.0,34,70,27,73
2021-01-01,46,67,,0,0,68,0
2021-01-02,62,65,,36,100,52,67
2021-01-03,48,85,,24,0,55,100
2021-01-04,63,72,,33,0,65,30
2021-01-05,100,67,,22,0,47,0
2021-01-06,64,66,,0,44,58,59
2021-01-07,59,62,,11,0,49,29
2021-01-08,73,81,,11,0,65,0
2021-01-09,81,55,,0,25,69,67
2021-01-10,56,59,,24,0,58,33
2021-01-11,70,80,,43,22,64,89
2021-01-12,93,76,,33,23,51,0
2021-01-13,98,70,,33,23,60,0
2021-01-14,91,63,,44,46,67,31
2021-01-15,78,100,,100,23,64,0
2021-01-16,71,72,,48,25,63,0
2021-01-17,82,73,,47,24,71,32
2021-01-18,70,69,,46,24,93,64
2021-01-19,92,66,,55,0,50,0
2021-01-20,83,73,,11,45,56,30
2021-01-21,71,66,,98,0,75,60
2021-01-22,75,71,,44,46,51,0
2021-01-23,53,58,,0,25,59,33
2021-01-24,79,73,,36,0,100,67
2021-01-25,48,77,,32,0,80,0
2021-01-26,81,66,,11,45,94,30
2021-01-27,74,66,,44,0,60,0
2021-01-28,79,53,,0,23,69,30
2021-01-29,96,87,,11,46,60,0
2021-01-30,55,63,,62,0,50,0
2021-01-31,58,61,,25,26,60,34
2021-02-01,67,71,,58,48,71,45
2021-02-02,93,70,,100,0,73,46
2021-02-03,83,71,,40,49,41,23
2021-02-04,75,84,,39,48,81,0
2021-02-05,95,100,,20,100,81,23
2021-02-06,70,68,,87,54,48,50
2021-02-07,64,72,,43,0,44,49
2021-02-08,78,85,,39,95,57,67
2021-02-09,72,92,,41,100,56,0
2021-02-10,78,96,,60,49,44,46
2021-02-11,69,99,,60,49,74,0
2021-02-12,62,69,,20,0,56,23
2021-02-13,55,67,,66,0,84,51
2021-02-14,62,59,,0,0,73,100
2021-02-15,85,75,,21,0,46,48
2021-02-16,100,85,,82,50,84,71
2021-02-17,51,66,,0,0,53,93
2021-02-18,87,88,,20,100,83,47
2021-02-19,46,70,,20,50,69,24
2021-02-20,67,68,,90,0,30,0
2021-02-21,65,64,,23,56,74,26
2021-02-22,72,80,,59,0,52,45
2021-02-23,56,87,,61,0,90,0
2021-02-24,69,83,,40,0,58,23
2021-02-25,81,67,,40,49,61,69
2021-02-26,90,65,,20,0,69,24
2021-02-27,57,68,,0,56,100,26
2021-02-28,53,83,,44,0,72,0
2021-03-01,68,85,,37,0,78,24
2021-03-02,59,85,,19,35,93,25
2021-03-03,46,80,,56,35,65,100
2021-03-04,53,57,,19,35,52,50
2021-03-05,52,90,,75,35,84,50
2021-03-06,55,58,,21,0,63,29
2021-03-07,44,82,,42,78,74,28
2021-03-08,41,89,,0,0,49,76
2021-03-09,41,88,,95,71,56,26
2021-03-10,41,100,,37,69,71,0
2021-03-11,56,67,,38,35,59,25
2021-03-12,50,72,,38,35,87,0
2021-03-13,40,57,,100,37,74,54
2021-03-14,26,69,,40,37,80,79
2021-03-15,53,66,,30,56,75,20
2021-03-16,62,76,,16,59,56,0
2021-03-17,45,67,,54,0,76,0
2021-03-18,50,76,,55,34,68,49
2021-03-19,47,74,,0,0,67,24
2021-03-20,38,73,,62,0,96,28
2021-03-21,43,58,,0,39,100,0
2021-03-22,38,57,,18,0,85,24
2021-03-23,54,93,,18,34,77,24
2021-03-24,67,71,,54,100,73,24
2021-03-25,62,71,,36,34,37,0
2021-03-26,100,64,,19,0,28,26
2021-03-27,56,69,,63,0,59,28
2021-03-28,45,58,,21,0,73,0
2021-03-29,56,77,,0,35,62,25
2021-03-30,62,91,,75,70,76,100
2021-03-31,63,85,,36,34,84,0
2021-04-01,37,52,,20,0,54,0
2021-04-02,51,70,,62,51,60,76
2021-04-03,34,55,,69,0,82,85
2021-04-04,43,80,,24,58,72,29
2021-04-05,24,57,,61,50,59,100
2021-04-06,38,73,,0,48,73,48
2021-04-07,37,67,,0,0,63,48
2021-04-08,47,57,,39,0,77,48
2021-04-09,32,74,,39,0,72,0
2021-04-10,31,70,,22,0,67,27
2021-04-11,42,69,,65,0,70,80
2021-04-12,50,100,,98,0,73,72
2021-04-13,48,65,,40,0,71,49
2021-04-14,41,71,,39,0,49,24
2021-04-15,43,71,,59,0,83,0
2021-04-16,58,56,,100,0,95,0
2021-04-17,22,53,,0,55,65,55
2021-04-18,29,72,,23,0,96,28
2021-04-19,37,78,,20,49,64,0
2021-04-20,44,75,,98,0,50,96
2021-04-21,61,75,,78,48,90,0
2021-04-22,100,61,,20,49,58,0
2021-04-23,43,60,,20,0,82,0
2021-04-24,47,78,,91,56,100,83
2021-04-25,41,71,,23,0,62,28
2021-04-26,63,81,,0,0,71,0
2021-04-27,62,73,,41,100,55,25
2021-04-28,55,87,,59,0,60,24
2021-04-29,58,77,,20,48,70,24
2021-04-30,92,77,,58,96,53,0
2021-05-01,36,78,0.0,45,0,51,19
2021-05-02,59,63,0.0,23,55,54,0
2021-05-03,69,94,0.0,39,48,100,16
2021-05-04,83,100,0.0,19,0,59,0
2021-05-05,81,61,0.0,19,94,64,16
2021-05-06,58,66,0.0,40,49,46,17
2021-05-07,70,72,0.0,82,100,66,0
2021-05-08,43,50,0.0,90,0,27,0
2021-05-09,20,67,0.0,46,0,70,19
2021-05-10,33,88,0.0,41,0,62,17
2021-05-11,70,90,0.0,100,97,37,17
2021-05-12,67,70,0.0,40,48,39,0
2021-05-13,60,63,0.0,81,0,62,100
2021-05-14,62,86,0.0,21,0,58,17
2021-05-15,100,55,100.0,0,0,62,19
2021-05-16,64,78,0.0,91,56,85,75
2021-05-17,68,72,0.0,60,49,72,17
2021-05-18,79,82,0.0,81,0,71,17
2021-05-19,53,87,0.0,79,48,71,16
2021-05-20,63,77,0.0,62,0,66,51
2021-05-21,71,64,0.0,20,100,71,34
2021-05-22,52,64,0.0,24,0,44,19
2021-05-23,41,83,0.0,0,0,52,38
2021-05-24,48,60,0.0,40,0,57,0
2021-05-25,69,80,0.0,0,49,54,67
2021-05-26,52,78,0.0,81,0,56,17
2021-05-27,61,77,0.0,61,99,68,50
2021-05-28,52,85,0.0,21,0,36,0
2021-05-29,99,75,0.0,69,0,46,0
2021-05-30,62,55,0.0,23,0,61,0
2021-05-31,50,85,0.0,45,0,36,0
2021-06-01,79,77,,22,0,58,22
2021-06-02,67,70,,63,41,50,21
2021-06-03,64,82,,43,0,51,0
2021-06-04,69,79,,44,0,48,0
2021-06-05,84,67,,25,100,49,100
2021-06-06,68,74,,49,0,45,0
2021-06-07,56,71,,0,42,36,21
2021-06-08,93,76,,43,86,45,0
2021-06-09,96,73,,0,0,51,64
2021-06-10,80,65,,44,43,50,22
2021-06-11,72,69,,45,0,74,22
2021-06-12,69,89,,100,50,31,75
2021-06-13,82,70,,48,0,74,47
2021-06-14,82,73,,0,43,54,65
2021-06-15,76,73,,0,44,62,22
2021-06-16,97,69,,65,0,71,21
2021-06-17,86,100,,66,0,48,44
2021-06-18,62,69,,45,0,41,0
2021-06-19,66,81,,25,0,54,0
2021-06-20,53,85,,76,0,49,0
2021-06-21,91,80,,44,88,43,22
2021-06-22,69,79,,0,0,58,22
2021-06-23,68,85,,44,43,57,22
2021-06-24,74,73,,22,44,69,0
2021-06-25,70,78,,0,45,100,0
2021-06-26,63,65,,75,0,29,0
2021-06-27,58,69,,51,50,55,0
2021-06-28,89,77,,88,0,40,44
2021-06-29,99,60,,88,0,78,44
2021-06-30,100,85,,65,43,52,22
2021-07-01,47,77,,65,43,100,0
2021-07-02,45,88,,17,0,97,25
2021-07-03,59,83,,0,50,88,57
2021-07-04,53,78,,0,53,40,30
2021-07-05,64,63,,0,50,97,29
2021-07-06,63,79,,68,0,67,26
2021-07-07,59,73,,49,0,65,0
2021-07-08,63,88,,34,0,82,0
2021-07-09,72,74,,0,0,75,26
2021-07-10,67,74,,19,0,84,86
2021-07-11,33,61,,37,0,65,28
2021-07-12,62,77,,100,88,88,50
2021-07-13,71,81,,34,0,59,25
2021-07-14,60,75,,33,0,80,25
2021-07-15,49,70,,34,45,41,0
2021-07-16,33,71,,34,0,64,0
2021-07-17,39,70,,38,50,83,0
2021-07-18,39,89,,57,0,66,28
2021-07-19,83,100,,50,44,85,50
2021-07-20,48,84,,52,46,61,26
2021-07-21,67,65,,33,43,65,25
2021-07-22,65,66,,52,46,99,52
2021-07-23,50,67,,35,46,69,79
2021-07-24,48,63,,0,100,100,57
2021-07-25,54,75,,58,0,38,58
2021-07-26,73,84,,0,89,59,51
2021-07-27,71,67,,0,45,63,77
2021-07-28,100,90,,67,0,80,100
2021-07-29,89,97,,17,0,92,50
2021-07-30,72,72,,50,44,33,50
2021-07-31,76,72,,0,0,90,28
2021-08-01,87,75,,65,0,61,0
2021-08-02,85,70,,19,0,89,29
2021-08-03,100,89,,0,0,59,0
2021-08-04,93,98,,0,0,56,59
2021-08-05,90,66,,0,0,40,61
2021-08-06,79,89,,20,31,32,61
2021-08-07,56,47,,44,0,56,66
2021-08-08,72,47,,0,0,66,100
2021-08-09,98,100,,39,30,67,30
2021-08-10,88,88,,60,0,75,0
2021-08-11,87,83,,0,0,44,58
2021-08-12,98,61,,40,0,81,0
2021-08-13,89,76,,20,31,37,61
2021-08-14,59,93,,66,0,82,33
2021-08-15,69,75,,45,35,100,34
2021-08-16,78,66,,40,31,63,30
2021-08-17,62,61,,79,0,70,0
2021-08-18,99,80,,58,30,80,29
2021-08-19,88,78,,39,0,64,0
2021-08-20,66,71,,0,0,64,29
2021-08-21,97,55,,65,66,49,33
2021-08-22,48,51,,44,34,66,67
2021-08-23,49,71,,100,0,48,91
2021-08-24,87,81,,43,0,71,0
2021-08-25,87,76,,58,30,66,0
2021-08-26,78,82,,40,92,69,30
2021-08-27,59,86,,40,31,63,61
2021-08-28,56,84,,43,100,53,0
2021-08-29,58,51,,43,0,34,33
2021-08-30,67,63,,38,29,74,0
2021-08-31,65,74,,20,0,50,0
